,Country,CountryAlpha3Code,Date,confirmed,deaths,recoveries,confirmed_inc,deaths_inc,recoveries_inc,ECR,GRTStringencyIndex,DaysSince1Cases,DaysSince100Cases,confirmed_PopPct,deaths_PopPct,recoveries_PopPct
542380,Turkey,TUR,2020-01-22,0,0,0.0,32.0,0.0,6.0,0.0,0.0,-49,-57,0.0,0.0,0.0
542381,Turkey,TUR,2020-01-23,0,0,0.0,0.0,0.0,0.0,0.0,0.0,-48,-56,0.0,0.0,0.0
542382,Turkey,TUR,2020-01-24,0,0,0.0,0.0,0.0,0.0,0.0,2.78,-47,-55,0.0,0.0,0.0
542383,Turkey,TUR,2020-01-25,0,0,0.0,0.0,0.0,0.0,0.0,2.78,-46,-54,0.0,0.0,0.0
542384,Turkey,TUR,2020-01-26,0,0,0.0,0.0,0.0,0.0,0.0,2.78,-45,-53,0.0,0.0,0.0
542385,Turkey,TUR,2020-01-27,0,0,0.0,0.0,0.0,0.0,0.0,2.78,-44,-52,0.0,0.0,0.0
542386,Turkey,TUR,2020-01-28,0,0,0.0,0.0,0.0,0.0,0.0,2.78,-43,-51,0.0,0.0,0.0
542387,Turkey,TUR,2020-01-29,0,0,0.0,0.0,0.0,0.0,0.0,2.78,-42,-50,0.0,0.0,0.0
542388,Turkey,TUR,2020-01-30,0,0,0.0,0.0,0.0,0.0,0.0,2.78,-41,-49,0.0,0.0,0.0
542389,Turkey,TUR,2020-01-31,0,0,0.0,0.0,0.0,0.0,0.0,2.78,-40,-48,0.0,0.0,0.0
542390,Turkey,TUR,2020-02-01,0,0,0.0,0.0,0.0,0.0,0.0,2.78,-39,-47,0.0,0.0,0.0
542391,Turkey,TUR,2020-02-02,0,0,0.0,0.0,0.0,0.0,0.0,2.78,-38,-46,0.0,0.0,0.0
542392,Turkey,TUR,2020-02-03,0,0,0.0,0.0,0.0,0.0,0.0,2.78,-37,-45,0.0,0.0,0.0
542393,Turkey,TUR,2020-02-04,0,0,0.0,0.0,0.0,0.0,0.0,2.78,-36,-44,0.0,0.0,0.0
542394,Turkey,TUR,2020-02-05,0,0,0.0,0.0,0.0,0.0,0.0,8.33,-35,-43,0.0,0.0,0.0
542395,Turkey,TUR,2020-02-06,0,0,0.0,0.0,0.0,0.0,0.0,8.33,-34,-42,0.0,0.0,0.0
542396,Turkey,TUR,2020-02-07,0,0,0.0,0.0,0.0,0.0,0.0,19.44,-33,-41,0.0,0.0,0.0
542397,Turkey,TUR,2020-02-08,0,0,0.0,0.0,0.0,0.0,0.0,19.44,-32,-40,0.0,0.0,0.0
542398,Turkey,TUR,2020-02-09,0,0,0.0,0.0,0.0,0.0,0.0,19.44,-31,-39,0.0,0.0,0.0
542399,Turkey,TUR,2020-02-10,0,0,0.0,0.0,0.0,0.0,0.0,19.44,-30,-38,0.0,0.0,0.0
542400,Turkey,TUR,2020-02-11,0,0,0.0,0.0,0.0,0.0,0.0,19.44,-29,-37,0.0,0.0,0.0
542401,Turkey,TUR,2020-02-12,0,0,0.0,0.0,0.0,0.0,0.0,19.44,-28,-36,0.0,0.0,0.0
542402,Turkey,TUR,2020-02-13,0,0,0.0,0.0,0.0,0.0,0.0,19.44,-27,-35,0.0,0.0,0.0
542403,Turkey,TUR,2020-02-14,0,0,0.0,0.0,0.0,0.0,0.0,19.44,-26,-34,0.0,0.0,0.0
542404,Turkey,TUR,2020-02-15,0,0,0.0,0.0,0.0,0.0,0.0,19.44,-25,-33,0.0,0.0,0.0
542405,Turkey,TUR,2020-02-16,0,0,0.0,0.0,0.0,0.0,0.0,19.44,-24,-32,0.0,0.0,0.0
542406,Turkey,TUR,2020-02-17,0,0,0.0,0.0,0.0,0.0,0.0,19.44,-23,-31,0.0,0.0,0.0
542407,Turkey,TUR,2020-02-18,0,0,0.0,0.0,0.0,0.0,0.0,19.44,-22,-30,0.0,0.0,0.0
542408,Turkey,TUR,2020-02-19,0,0,0.0,0.0,0.0,0.0,0.0,19.44,-21,-29,0.0,0.0,0.0
542409,Turkey,TUR,2020-02-20,0,0,0.0,0.0,0.0,0.0,0.0,19.44,-20,-28,0.0,0.0,0.0
542410,Turkey,TUR,2020-02-21,0,0,0.0,0.0,0.0,0.0,0.0,19.44,-19,-27,0.0,0.0,0.0
542411,Turkey,TUR,2020-02-22,0,0,0.0,0.0,0.0,0.0,0.0,19.44,-18,-26,0.0,0.0,0.0
542412,Turkey,TUR,2020-02-23,0,0,0.0,0.0,0.0,0.0,0.0,19.44,-17,-25,0.0,0.0,0.0
542413,Turkey,TUR,2020-02-24,0,0,0.0,0.0,0.0,0.0,0.0,19.44,-16,-24,0.0,0.0,0.0
542414,Turkey,TUR,2020-02-25,0,0,0.0,0.0,0.0,0.0,0.0,19.44,-15,-23,0.0,0.0,0.0
542415,Turkey,TUR,2020-02-26,0,0,0.0,0.0,0.0,0.0,0.0,19.44,-14,-22,0.0,0.0,0.0
542416,Turkey,TUR,2020-02-27,0,0,0.0,0.0,0.0,0.0,0.0,19.44,-13,-21,0.0,0.0,0.0
542417,Turkey,TUR,2020-02-28,0,0,0.0,0.0,0.0,0.0,0.0,19.44,-12,-20,0.0,0.0,0.0
542418,Turkey,TUR,2020-02-29,0,0,0.0,0.0,0.0,0.0,0.0,19.44,-11,-19,0.0,0.0,0.0
542419,Turkey,TUR,2020-03-01,0,0,0.0,0.0,0.0,0.0,0.0,19.44,-10,-18,0.0,0.0,0.0
542420,Turkey,TUR,2020-03-02,0,0,0.0,0.0,0.0,0.0,0.0,19.44,-9,-17,0.0,0.0,0.0
542421,Turkey,TUR,2020-03-03,0,0,0.0,0.0,0.0,0.0,0.0,19.44,-8,-16,0.0,0.0,0.0
542422,Turkey,TUR,2020-03-04,0,0,0.0,0.0,0.0,0.0,0.0,19.44,-7,-15,0.0,0.0,0.0
542423,Turkey,TUR,2020-03-05,0,0,0.0,0.0,0.0,0.0,0.0,19.44,-6,-14,0.0,0.0,0.0
542424,Turkey,TUR,2020-03-06,0,0,0.0,0.0,0.0,0.0,0.0,19.44,-5,-13,0.0,0.0,0.0
542425,Turkey,TUR,2020-03-07,0,0,0.0,0.0,0.0,0.0,0.0,19.44,-4,-12,0.0,0.0,0.0
542426,Turkey,TUR,2020-03-08,0,0,0.0,0.0,0.0,0.0,0.0,19.44,-3,-11,0.0,0.0,0.0
542427,Turkey,TUR,2020-03-09,0,0,0.0,0.0,0.0,0.0,0.0,23.15,-2,-10,0.0,0.0,0.0
542428,Turkey,TUR,2020-03-10,0,0,0.0,0.0,0.0,0.0,0.0,23.15,-1,-9,0.0,0.0,0.0
542429,Turkey,TUR,2020-03-11,1,0,0.0,1.0,0.0,0.0,0.0,23.15,0,-8,1.198615144034885e-06,0.0,0.0
542430,Turkey,TUR,2020-03-12,1,0,0.0,0.0,0.0,0.0,4.0,23.15,1,-7,1.198615144034885e-06,0.0,0.0
542431,Turkey,TUR,2020-03-13,5,0,0.0,4.0,0.0,0.0,0.0,23.15,2,-6,5.993075720174425e-06,0.0,0.0
542432,Turkey,TUR,2020-03-14,5,0,0.0,0.0,0.0,0.0,0.1999999999999999,23.15,3,-5,5.993075720174425e-06,0.0,0.0
542433,Turkey,TUR,2020-03-15,6,0,0.0,1.0,0.0,0.0,2.0,23.15,4,-4,7.1916908642093095e-06,0.0,0.0
542434,Turkey,TUR,2020-03-16,18,0,0.0,12.0,0.0,0.0,1.6111111111111112,52.78,5,-3,2.157507259262793e-05,0.0,0.0
542435,Turkey,TUR,2020-03-17,47,1,0.0,29.0,1.0,0.0,1.0851063829787235,52.78,6,-2,5.633491176963959e-05,1.198615144034885e-06,0.0
542436,Turkey,TUR,2020-03-18,98,1,0.0,51.0,0.0,0.0,0.9591836734693876,58.33,7,-1,0.0001174642841154,1.198615144034885e-06,0.0
542437,Turkey,TUR,2020-03-19,192,3,0.0,94.0,2.0,0.0,0.8697916666666667,58.33,8,0,0.0002301341076546,3.5958454321046547e-06,0.0
542438,Turkey,TUR,2020-03-20,359,4,0.0,167.0,1.0,0.0,0.8662952646239555,58.33,9,1,0.0004303028367085,4.79446057613954e-06,0.0
542439,Turkey,TUR,2020-03-21,670,9,0.0,311.0,5.0,0.0,0.844776119402985,62.04,10,2,0.0008030721465033,1.0787536296313965e-05,0.0
542440,Turkey,TUR,2020-03-22,1236,30,0.0,566.0,21.0,0.0,0.2370550161812297,62.04,11,3,0.0014814883180271,3.5958454321046546e-05,0.0
542441,Turkey,TUR,2020-03-23,1529,37,0.0,293.0,7.0,0.0,0.2243296272073249,62.04,12,4,0.0018326825552293,4.434876032929074e-05,0.0
542442,Turkey,TUR,2020-03-24,1872,44,0.0,343.0,7.0,0.0,0.2996794871794872,67.59,13,5,0.0022438075496333,5.273906633753494e-05,0.0
542443,Turkey,TUR,2020-03-25,2433,59,26.0,561.0,15.0,26.0,0.4915741882449651,67.59,14,6,0.0029162306454368,7.071829349805821e-05,3.116399374490701e-05
542444,Turkey,TUR,2020-03-26,3629,75,26.0,1196.0,16.0,0.0,0.5701295122623313,67.59,15,7,0.0043497743577025,8.989613580261638e-05,3.116399374490701e-05
542445,Turkey,TUR,2020-03-27,5698,92,42.0,2069.0,17.0,16.0,0.299052299052299,70.37,16,8,0.0068297090907107,0.0001102725932512,5.034183604946517e-05
542446,Turkey,TUR,2020-03-28,7402,108,70.0,1704.0,16.0,28.0,0.2452039989192109,75.93,17,9,0.0088721492961462,0.0001294504355557,8.390306008244195e-05
542447,Turkey,TUR,2020-03-29,9217,131,105.0,1815.0,23.0,35.0,0.1746772268634044,75.93,18,10,0.0110476357825695,0.0001570185838685,0.0001258545901236
542448,Turkey,TUR,2020-03-30,10827,168,162.0,1610.0,37.0,57.0,0.249746005356978,75.93,19,11,0.0129774061644657,0.0002013673441978,0.0001941756533336
542449,Turkey,TUR,2020-03-31,13531,214,243.0,2704.0,46.0,81.0,0.1587465819229916,75.93,20,12,0.016218461513936,0.0002565036408234,0.0002912634800004
542450,Turkey,TUR,2020-04-01,15679,277,333.0,2148.0,63.0,90.0,0.156642643025703,75.93,21,13,0.0187930868433229,0.0003320163948976,0.0003991388429636
542451,Turkey,TUR,2020-04-02,18135,356,415.0,2456.0,79.0,82.0,0.1536255858836503,75.93,22,14,0.0217368856370726,0.0004267069912764,0.0004974252847744
542452,Turkey,TUR,2020-04-03,20921,425,484.0,2786.0,69.0,69.0,0.1440179723722574,75.93,23,15,0.0250762274283538,0.0005094114362148,0.0005801297297128
542453,Turkey,TUR,2020-04-04,23934,501,786.0,3013.0,76.0,302.0,0.1309852093256456,75.93,24,16,0.0286876548573309,0.0006005061871614,0.0009421115032114
542454,Turkey,TUR,2020-04-05,27069,574,1042.0,3135.0,73.0,256.0,0.116295393254276,75.93,25,17,0.0324453133338803,0.000688005092676,0.0012489569800843
542455,Turkey,TUR,2020-04-06,30217,649,1326.0,3148.0,75.0,284.0,0.1288016679352681,75.93,26,18,0.0362185538073021,0.0007779012284786,0.0015893636809902
542456,Turkey,TUR,2020-04-07,34109,725,1582.0,3892.0,76.0,256.0,0.1207012811867835,75.93,27,19,0.0408835639478858,0.0008689959794252,0.0018962091578631
542457,Turkey,TUR,2020-04-08,38226,812,1846.0,4117.0,87.0,264.0,0.1061057918694081,75.93,28,20,0.0458182624958775,0.0009732754969563,0.0022126435558883
542458,Turkey,TUR,2020-04-09,42282,908,2142.0,4056.0,96.0,296.0,0.1122699966888982,75.93,29,21,0.050679845520083,0.0010883425507836,0.0025674336385227
542459,Turkey,TUR,2020-04-10,47029,1006,2423.0,4747.0,98.0,281.0,0.1092517382891407,75.93,30,22,0.0563696716088166,0.001205806834899,0.0029042444939965
542460,Turkey,TUR,2020-04-11,52167,1101,2965.0,5138.0,95.0,542.0,0.091801330342937,77.78,31,23,0.0625281562188678,0.0013196752735824,0.0035538939020634
542461,Turkey,TUR,2020-04-12,56956,1198,3446.0,4789.0,97.0,481.0,0.071862490343423,77.78,32,24,0.0682683241436509,0.0014359409425537,0.0041304277863442
542462,Turkey,TUR,2020-04-13,61049,1296,3957.0,4093.0,98.0,511.0,0.0665367164081311,75.93,33,25,0.0731742559281856,0.0015534052266692,0.004742920124946
542463,Turkey,TUR,2020-04-14,65111,1403,4799.0,4062.0,107.0,842.0,0.0657492589577797,75.93,34,26,0.0780430306432553,0.0016816570470809,0.0057521540762234
542464,Turkey,TUR,2020-04-15,69392,1518,5674.0,4281.0,115.0,875.0,0.0691866497578972,75.93,35,27,0.0831743020748687,0.0018194977886449,0.0068009423272539
542465,Turkey,TUR,2020-04-16,74193,1643,7089.0,4801.0,125.0,1415.0,0.058671303222676,75.93,36,28,0.0889288533813802,0.0019693246816493,0.0084969827560632
542466,Turkey,TUR,2020-04-17,78546,1769,8631.0,4353.0,126.0,1542.0,0.0481628599801389,75.93,37,29,0.094146425103364,0.0021203501897977,0.010345247308165
542467,Turkey,TUR,2020-04-18,82329,1890,10453.0,3783.0,121.0,1822.0,0.0483061861555467,77.78,38,30,0.098680786193248,0.0022653826222259,0.0125291241005966
542468,Turkey,TUR,2020-04-19,86306,2017,11976.0,3977.0,127.0,1523.0,0.0541561420990428,77.78,39,31,0.1034476786210747,0.0024176067455183,0.0143546149649617
542469,Turkey,TUR,2020-04-20,90980,2140,13430.0,4674.0,123.0,1454.0,0.0506814684546053,75.93,40,32,0.1090500058042938,0.0025650364082346,0.0160974013843885
542470,Turkey,TUR,2020-04-21,95591,2259,14918.0,4611.0,119.0,1488.0,0.0322519902501281,75.93,41,33,0.1145768202334387,0.0027076716103748,0.0178809407187124
542471,Turkey,TUR,2020-04-22,98674,2376,16477.0,3083.0,117.0,1559.0,0.0315787340130124,75.93,42,34,0.1182721507224982,0.0028479095822268,0.0197495817282628
542472,Turkey,TUR,2020-04-23,101790,2491,18491.0,3116.0,115.0,2014.0,0.0306709892916789,75.93,43,35,0.1220070355113109,0.0029857503237908,0.022163592628349
542473,Turkey,TUR,2020-04-24,104912,2600,21737.0,3122.0,109.0,3246.0,0.0272704743022724,75.93,44,36,0.1257491119909878,0.0031163993744907,0.0260542973858862
542474,Turkey,TUR,2020-04-25,107773,2706,25582.0,2861.0,106.0,3845.0,0.0218700416616406,75.93,45,37,0.1291783499180716,0.0032434525797583,0.0306629726147004
542475,Turkey,TUR,2020-04-26,110130,2805,29140.0,2357.0,99.0,3558.0,0.0193498592572414,75.93,46,38,0.1320034858125618,0.0033621154790178,0.0349276452971765
542477,Turkey,TUR,2020-04-28,114653,2992,38809.0,2392.0,92.0,5018.0,0.0256077032437005,75.93,48,40,0.1374248221090316,0.0035862565109523,0.0465170551248498
542478,Turkey,TUR,2020-04-29,117589,3081,44040.0,2936.0,89.0,5231.0,0.0222384746872581,75.93,49,41,0.1409439561719181,0.0036929332587714,0.0527870109432963
542479,Turkey,TUR,2020-04-30,120204,3174,48886.0,2615.0,93.0,4846.0,0.0182023892715716,75.93,50,42,0.1440783347735693,0.0038044044671667,0.0585954999312893
542480,Turkey,TUR,2020-05-01,122392,3258,53808.0,2188.0,84.0,4922.0,0.016202039348977,75.93,51,43,0.1467009047087176,0.0039050881392656,0.064495083670229
542481,Turkey,TUR,2020-05-02,124375,3336,58259.0,1983.0,78.0,4451.0,0.0134271356783919,75.93,52,44,0.1490777585393388,0.0039985801205003,0.0698301196763283
542482,Turkey,TUR,2020-05-03,126045,3397,63151.0,1670.0,61.0,4892.0,0.0128049506128764,75.93,53,45,0.1510794458298771,0.0040716956442865,0.075693744960947
542483,Turkey,TUR,2020-05-04,127659,3461,68166.0,1614.0,64.0,5015.0,0.0143507312449573,75.93,54,46,0.1530140106723493,0.0041484070135047,0.0817047999082819
542484,Turkey,TUR,2020-05-05,129491,3520,73285.0,1832.0,59.0,5119.0,0.0173988925871295,75.93,55,47,0.1552098736162213,0.0042191253070027,0.0878405108305965
542485,Turkey,TUR,2020-05-06,131744,3584,78202.0,2253.0,64.0,4917.0,0.0150063760019432,75.93,56,48,0.1579103535357318,0.004295836676221,0.093734101493816
542486,Turkey,TUR,2020-05-07,133721,3641,82984.0,1977.0,57.0,4782.0,0.0138198188766163,75.93,57,49,0.1602800156754888,0.004364157739431,0.0994658791125908
542487,Turkey,TUR,2020-05-08,135569,3689,86396.0,1848.0,48.0,3412.0,0.0114037870014531,75.93,58,50,0.1624950564616653,0.0044216912663446,0.1035555539840379
542488,Turkey,TUR,2020-05-09,137115,3739,89480.0,1546.0,50.0,3084.0,0.0112460343507274,75.93,59,51,0.1643481154743432,0.0044816220235464,0.1072520830882415
542489,Turkey,TUR,2020-05-10,138657,3786,92691.0,1542.0,47.0,3211.0,0.0080342139235667,75.93,60,52,0.166196380026445,0.004537956935316,0.1111008363157375
542490,Turkey,TUR,2020-05-11,139771,3841,95780.0,1114.0,55.0,3089.0,0.0121913701697777,75.93,61,53,0.1675316372968999,0.0046038807682379,0.1148033584956612
542491,Turkey,TUR,2020-05-12,141475,3894,98889.0,1704.0,53.0,3109.0,0.0115850857041879,75.93,62,54,0.1695740775023353,0.0046674073708718,0.1185298529784657
542492,Turkey,TUR,2020-05-13,143114,3952,101715.0,1639.0,58.0,2826.0,0.0114244588230361,75.93,63,55,0.1715386077234085,0.0047369270492258,0.1219171393755083
542493,Turkey,TUR,2020-05-14,144749,4007,104030.0,1635.0,55.0,2315.0,0.0117997360948953,75.93,64,56,0.1734983434839055,0.0048028508821477,0.124691933433949
542494,Turkey,TUR,2020-05-15,146457,4055,106133.0,1708.0,48.0,2103.0,0.0109929877028751,75.93,65,57,0.1755455781499171,0.0048603844090614,0.1272126210818544
542495,Turkey,TUR,2020-05-16,148067,4096,108137.0,1610.0,41.0,2004.0,0.0092390606954959,75.93,66,58,0.1774753485318133,0.0049095276299668,0.1296146458305003
542496,Turkey,TUR,2020-05-17,149435,4140,109962.0,1368.0,44.0,1825.0,0.0077491886104326,75.93,67,59,0.179115054048853,0.0049622666963044,0.131802118468364
542497,Turkey,TUR,2020-05-18,150593,4171,111577.0,1158.0,31.0,1615.0,0.0067865040207713,75.93,68,60,0.1805030503856454,0.0049994237657695,0.1337378819259803
542498,Turkey,TUR,2020-05-19,151615,4199,112895.0,1022.0,28.0,1318.0,0.0064109751673646,75.93,69,61,0.1817280350628491,0.0050329849898024,0.1353176566858183
542499,Turkey,TUR,2020-05-20,152587,4222,113987.0,972.0,23.0,1092.0,0.0062980463604369,75.93,70,62,0.182893088982851,0.0050605531381152,0.1366265444231044
542500,Turkey,TUR,2020-05-21,153548,4249,114990.0,961.0,27.0,1003.0,0.0062000156302914,75.93,71,63,0.1840449581362685,0.0050929157470042,0.1378287554125714
542501,Turkey,TUR,2020-05-22,154500,4276,116111.0,952.0,27.0,1121.0,0.0076763754045308,75.93,72,64,0.1851860397533897,0.0051252783558931,0.1391724029890345
542502,Turkey,TUR,2020-05-23,155686,4308,117602.0,1186.0,32.0,1491.0,0.0073288542322367,75.93,73,65,0.1866075973142151,0.0051636340405022,0.1409595381687905
542503,Turkey,TUR,2020-05-24,156827,4340,118694.0,1141.0,32.0,1092.0,0.0062935591447901,75.93,74,66,0.1879752171935589,0.0052019897251114,0.1422684259060766
542504,Turkey,TUR,2020-05-25,157814,4369,120015.0,987.0,29.0,1321.0,0.006007071615953,75.93,75,67,0.1891582503407213,0.0052367495642884,0.1438517965113467
542505,Turkey,TUR,2020-05-26,158762,4397,121507.0,948.0,28.0,1492.0,0.0065191922500347,75.93,76,68,0.1902945374972664,0.0052703107883213,0.1456401303062467
542506,Turkey,TUR,2020-05-27,159797,4431,122793.0,1035.0,34.0,1286.0,0.0073968847975869,75.93,77,69,0.1915351041713425,0.0053110637032185,0.1471815493814756
542507,Turkey,TUR,2020-05-28,160979,4461,124369.0,1182.0,30.0,1576.0,0.0070878810279602,75.93,78,70,0.1929518672715917,0.0053470221575396,0.1490705668484746
542508,Turkey,TUR,2020-05-29,162120,4489,125963.0,1141.0,28.0,1594.0,0.0060634098198864,75.93,79,71,0.1943194871509355,0.0053805833815725,0.1509811593880662
542509,Turkey,TUR,2020-05-30,163103,4515,126984.0,983.0,26.0,1021.0,0.0051439887678337,75.93,80,72,0.1954977258375218,0.0054117473753175,0.1522049454501258
542510,Turkey,TUR,2020-05-31,163942,4540,127973.0,839.0,25.0,989.0,0.0050444669456271,75.93,81,73,0.1965033639433671,0.0054417127539183,0.1533903758275763
542511,Turkey,TUR,2020-06-01,164769,4563,128947.0,827.0,23.0,974.0,0.0047703148043625,63.89,82,74,0.1974946186674839,0.0054692809022311,0.1545578269778663
542512,Turkey,TUR,2020-06-02,165555,4585,129921.0,786.0,22.0,974.0,0.0052369303252695,63.89,83,75,0.1984367301706953,0.0054956504353999,0.1557252781281562
542513,Turkey,TUR,2020-06-03,166422,4609,130852.0,867.0,24.0,931.0,0.0059367150977636,63.89,84,76,0.1994759295005736,0.0055244171988567,0.1568411888272527
542514,Turkey,TUR,2020-06-04,167410,4630,131778.0,988.0,21.0,926.0,0.0055552237022877,63.89,85,77,0.20066016126288,0.0055495881168815,0.157951106450629
542515,Turkey,TUR,2020-06-05,168340,4648,133400.0,930.0,18.0,1622.0,0.0052156350243555,63.89,86,78,0.2017748733468325,0.0055711631894741,0.1598952602142536
542516,Turkey,TUR,2020-06-06,169218,4669,135322.0,878.0,21.0,1922.0,0.0054013166448014,63.89,87,79,0.2028272574432951,0.0055963341074988,0.1621989985210887
542517,Turkey,TUR,2020-06-07,170132,4692,137969.0,914.0,23.0,2647.0,0.0058131333317659,63.89,88,80,0.203922791684943,0.0056239022558116,0.165371732807349
542518,Turkey,TUR,2020-06-08,171121,4711,141380.0,989.0,19.0,3411.0,0.0058029113901858,63.89,89,81,0.2051082220623935,0.0056466759435483,0.169460209063652
542519,Turkey,TUR,2020-06-09,172114,4729,144598.0,993.0,18.0,3218.0,0.0053569146031118,63.89,90,82,0.2062984469004201,0.0056682510161409,0.1733173525971563
542520,Turkey,TUR,2020-06-10,173036,4746,146839.0,922.0,17.0,2241.0,0.005704015349407,63.89,91,83,0.2074035700632203,0.0056886274735895,0.1760034491349384
542521,Turkey,TUR,2020-06-11,174023,4763,147860.0,987.0,17.0,1021.0,0.0068669083971659,63.89,92,84,0.2085866032103827,0.0057090039310381,0.1772272351969981
542522,Turkey,TUR,2020-06-12,175218,4778,149102.0,1195.0,15.0,1242.0,0.0083267700806994,63.89,93,85,0.2100189483075044,0.0057269831581986,0.1787159152058894
542523,Turkey,TUR,2020-06-13,176677,4792,150087.0,1459.0,14.0,985.0,0.0088409923193171,63.89,94,86,0.2117677278026513,0.0057437637702151,0.1798965511227638
542524,Turkey,TUR,2020-06-14,178239,4807,151417.0,1562.0,15.0,1330.0,0.0089318274900553,63.89,95,87,0.2136399646576338,0.0057617429973756,0.1814907092643301
542525,Turkey,TUR,2020-06-15,179831,4825,152364.0,1592.0,18.0,947.0,0.0081576591355216,63.89,96,88,0.2155481599669374,0.0057833180699683,0.1826257978057312
542526,Turkey,TUR,2020-06-16,181298,4842,153379.0,1467.0,17.0,1015.0,0.0078820505466139,63.89,97,89,0.2173065283832365,0.0058036945274169,0.1838423921769266
542527,Turkey,TUR,2020-06-17,182727,4861,154640.0,1429.0,19.0,1261.0,0.0071363290591976,63.89,98,90,0.2190193494240624,0.0058264682151535,0.1853538458735546
542528,Turkey,TUR,2020-06-18,184031,4882,156022.0,1304.0,21.0,1382.0,0.0065967146839391,63.89,99,91,0.2205823435718839,0.0058516391331783,0.1870103320026108
542529,Turkey,TUR,2020-06-19,185245,4905,157516.0,1214.0,23.0,1494.0,0.0067370239412669,63.89,100,92,0.2220374623567422,0.0058792072814911,0.1888010630277989
542530,Turkey,TUR,2020-06-20,186493,4927,158828.0,1248.0,22.0,1312.0,0.0063916608130063,63.89,101,93,0.2235333340564978,0.0059055768146598,0.1903736460967727
542531,Turkey,TUR,2020-06-21,187685,4950,160240.0,1192.0,23.0,1412.0,0.0064576284732398,63.89,102,94,0.2249620833081874,0.0059331449629726,0.1920660906801499
542532,Turkey,TUR,2020-06-22,188897,4974,161533.0,1212.0,24.0,1293.0,0.0067126529272567,63.89,103,95,0.2264148048627576,0.0059619117264295,0.193615900061387
542533,Turkey,TUR,2020-06-23,190165,5001,162848.0,1268.0,27.0,1315.0,0.0078458181053295,63.89,104,96,0.2279346488653939,0.0059942743353184,0.1951920789757929
542534,Turkey,TUR,2020-06-24,191657,5025,164234.0,1492.0,24.0,1386.0,0.0076073401962881,63.89,105,97,0.2297229826602939,0.0060230410987752,0.1968533595654253
542535,Turkey,TUR,2020-06-25,193115,5046,165706.0,1458.0,21.0,1472.0,0.0072288532739559,63.89,106,98,0.2314705635402968,0.0060482120168,0.1986177210574446
542536,Turkey,TUR,2020-06-26,194511,5065,167198.0,1396.0,19.0,1492.0,0.0070535856583946,63.89,107,99,0.2331438302813695,0.0060709857045366,0.2004060548523447
542537,Turkey,TUR,2020-06-27,195883,5082,169182.0,1372.0,17.0,1984.0,0.0069224996554064,63.89,108,100,0.2347883302589853,0.0060913621619852,0.2027841072981099
542538,Turkey,TUR,2020-06-28,197239,5097,170595.0,1356.0,15.0,1413.0,0.0069661679485295,63.89,109,101,0.2364136523942966,0.0061093413891458,0.2044777504966312
542539,Turkey,TUR,2020-06-29,198613,5115,171809.0,1374.0,18.0,1214.0,0.0065101478755167,63.89,110,102,0.2380605496022006,0.0061309164617384,0.2059328692814895
542540,Turkey,TUR,2020-06-30,199906,5131,173111.0,1293.0,16.0,1302.0,0.0059628025171831,63.89,111,103,0.2396103589834377,0.0061500943040429,0.2074934661990229
542541,Turkey,TUR,2020-07-01,201098,5150,175422.0,1192.0,19.0,2311.0,0.0058976220549185,63.89,112,104,0.2410391082351273,0.0061728679917796,0.2102634657968876
542542,Turkey,TUR,2020-07-02,202284,5167,176965.0,1186.0,17.0,1543.0,0.0057938344110259,63.89,113,105,0.2424606657959526,0.0061932444492282,0.2121129289641334
542543,Turkey,TUR,2020-07-03,203456,5186,178278.0,1172.0,19.0,1313.0,0.0056719880465554,63.89,114,106,0.2438654427447615,0.0062160181369649,0.2136867106482512
542544,Turkey,TUR,2020-07-04,204610,5206,179492.0,1154.0,20.0,1214.0,0.0056106739651042,63.89,115,107,0.2452486446209778,0.0062399904398456,0.2151418294331095
542545,Turkey,TUR,2020-07-05,205758,5225,180680.0,1148.0,19.0,1188.0,0.0052780450820866,63.89,116,108,0.2466246548063298,0.0062627641275822,0.216565784224223
542546,Turkey,TUR,2020-07-06,206844,5241,182995.0,1086.0,16.0,2315.0,0.0050907930614376,63.89,117,109,0.2479263508527517,0.0062819419698868,0.2193405782826638
542547,Turkey,TUR,2020-07-07,207897,5260,185292.0,1053.0,19.0,2297.0,0.0050072872624424,63.89,118,110,0.2491884925994204,0.0063047156576234,0.2220937972685119
542548,Turkey,TUR,2020-07-08,208938,5282,187511.0,1041.0,22.0,2219.0,0.004900975408973,63.89,119,111,0.2504362509643608,0.0063310851907922,0.2247535242731253
542549,Turkey,TUR,2020-07-09,209962,5300,190390.0,1024.0,18.0,2879.0,0.0047770548956478,63.89,120,112,0.2516636328718525,0.0063526602633848,0.2282043372728017
542550,Turkey,TUR,2020-07-10,210965,5323,191883.0,1003.0,23.0,1493.0,0.0048159647334866,63.89,121,113,0.2528658438613195,0.0063802284116976,0.2299938696828458
542551,Turkey,TUR,2020-07-11,211981,5344,193217.0,1016.0,21.0,1334.0,0.004774012765295,63.89,122,114,0.2540836368476589,0.0064053993297224,0.2315928222849883
542552,Turkey,TUR,2020-07-12,212993,5363,194515.0,1012.0,19.0,1298.0,0.004732549896006,63.89,123,115,0.2552966353734222,0.006428173017459,0.2331486247419456
542553,Turkey,TUR,2020-07-13,214001,5382,195671.0,1008.0,19.0,1156.0,0.0046354923575122,63.89,124,116,0.2565048394386094,0.0064509467051957,0.23453422384845
542554,Turkey,TUR,2020-07-14,214993,5402,196720.0,992.0,20.0,1049.0,0.0044047945747069,63.89,125,117,0.257693865661492,0.0064749190080764,0.2357915711345425
542555,Turkey,TUR,2020-07-15,215940,5419,197733.0,947.0,17.0,1013.0,0.0043206446235064,63.89,126,118,0.258828954202893,0.006495295465525,0.2370057682754499
542556,Turkey,TUR,2020-07-16,216873,5440,198820.0,933.0,21.0,1087.0,0.0042697800094986,63.89,127,119,0.2599472621322776,0.0065204663835497,0.2383086629370158
542557,Turkey,TUR,2020-07-17,217799,5458,199834.0,926.0,18.0,1014.0,0.0042148953851945,63.89,128,120,0.2610571797556539,0.0065420414561424,0.2395240586930672
542558,Turkey,TUR,2020-07-18,218717,5475,201013.0,918.0,17.0,1179.0,0.0042246373167151,63.89,129,121,0.2621575084578779,0.0065624179135909,0.2409372259478843
542559,Turkey,TUR,2020-07-19,219641,5491,202010.0,924.0,16.0,997.0,0.0042387350267025,63.89,130,122,0.2632650288509662,0.0065815957558955,0.2421322452464871
542560,Turkey,TUR,2020-07-20,220572,5508,203002.0,931.0,17.0,992.0,0.004207242986417,63.89,131,123,0.2643809395500626,0.0066019722133441,0.2433212714693697
542561,Turkey,TUR,2020-07-21,221500,5526,204011.0,928.0,18.0,1009.0,0.0040722347629795,63.89,132,124,0.265493254403727,0.0066235472859367,0.2445306741497009
542562,Turkey,TUR,2020-07-22,222402,5545,205214.0,902.0,19.0,1203.0,0.0041051789102615,42.59,133,125,0.2665744052636465,0.0066463209736734,0.2459726081679749
542563,Turkey,TUR,2020-07-23,223315,5563,206365.0,913.0,18.0,1151.0,0.0041958668248887,42.59,134,126,0.2676687408901503,0.006667896046266,0.247352214198759
542564,Turkey,TUR,2020-07-24,224252,5580,207374.0,937.0,17.0,1009.0,0.0041069867827265,42.59,135,127,0.268791843280111,0.0066882725037146,0.2485616168790902
542565,Turkey,TUR,2020-07-25,225173,5596,208477.0,921.0,16.0,1103.0,0.0041168346116098,42.59,136,128,0.2698957678277671,0.0067074503460192,0.2498836893829607
542566,Turkey,TUR,2020-07-26,226100,5613,209487.0,927.0,17.0,1010.0,0.0040645731977,42.59,137,129,0.2710068840662875,0.0067278268034678,0.2510942906784359
542567,Turkey,TUR,2020-07-27,227019,5630,210469.0,919.0,17.0,982.0,0.004241935697012,42.59,138,130,0.2721084113836555,0.0067482032609164,0.2522713307498782
542568,Turkey,TUR,2020-07-28,227982,5645,211561.0,963.0,15.0,1092.0,0.0041319051504065,42.59,139,131,0.2732626777673611,0.0067661824880769,0.2535802184871643
542569,Turkey,TUR,2020-07-29,228924,5659,212557.0,942.0,14.0,996.0,0.0042241093113872,42.59,140,132,0.274391773233042,0.0067829631000934,0.254774039170623
542570,Turkey,TUR,2020-07-30,229891,5674,213539.0,967.0,15.0,982.0,0.0042715895794094,42.59,141,133,0.2755508340773237,0.0068009423272539,0.2559510792420653
542571,Turkey,TUR,2020-07-31,230873,5691,214535.0,982.0,17.0,996.0,0.0043140601109701,42.59,142,134,0.276727874148766,0.0068213187847025,0.257144899925524
542572,Turkey,TUR,2020-08-01,231869,5710,215516.0,996.0,19.0,981.0,0.0042567139203602,42.59,143,135,0.2779216948322247,0.0068440924724391,0.2583207413818222
542573,Turkey,TUR,2020-08-02,232856,5728,216494.0,987.0,18.0,978.0,0.0042730271068815,42.59,144,136,0.2791047279793872,0.0068656675450318,0.2594929869926884
542574,Turkey,TUR,2020-08-03,233851,5747,217497.0,995.0,19.0,1003.0,0.0046311540254264,42.59,145,137,0.2802973500477019,0.0068884412327684,0.2606951979821554
542575,Turkey,TUR,2020-08-04,234934,5765,218491.0,1083.0,18.0,994.0,0.0050141741936033,42.59,146,138,0.2815954502486916,0.0069100163053611,0.261886621435326
542576,Turkey,TUR,2020-08-05,236112,5784,219506.0,1178.0,19.0,1015.0,0.0048832757335501,48.15,147,139,0.2830074188883648,0.0069327899930977,0.2631032158065214
542577,Turkey,TUR,2020-08-06,237265,5798,220546.0,1153.0,14.0,1040.0,0.0049944155269423,48.15,148,140,0.2843894221494369,0.0069495706051142,0.2643497755563177
542579,Turkey,TUR,2020-08-08,239622,5829,222656.0,1172.0,16.0,1082.0,0.0049327691113503,48.15,150,142,0.2872145580439272,0.0069867276745793,0.2668788535102313
542580,Turkey,TUR,2020-08-09,240804,5844,223759.0,1182.0,15.0,1103.0,0.0049542366405874,48.15,151,143,0.2886313211441764,0.0070047069017398,0.2682009260141018
542581,Turkey,TUR,2020-08-10,241997,5858,224970.0,1193.0,14.0,1211.0,0.0048884903531862,48.15,152,144,0.29006126901101,0.0070214875137563,0.2696524489535281
542582,Turkey,TUR,2020-08-11,243180,5873,226155.0,1183.0,15.0,1185.0,0.0049839624969159,48.15,153,145,0.2914792307264033,0.0070394667409168,0.2710728078992094
542583,Turkey,TUR,2020-08-12,244392,5891,227089.0,1212.0,18.0,934.0,0.0050860911977479,48.15,154,146,0.2929319522809736,0.0070610418135095,0.272192314443738
542584,Turkey,TUR,2020-08-13,245635,5912,228057.0,1243.0,21.0,968.0,0.0049911453986606,48.15,155,147,0.2944218309050089,0.0070862127315342,0.2733525739031637
542585,Turkey,TUR,2020-08-14,246861,5934,228980.0,1226.0,22.0,923.0,0.0050878834647838,48.15,156,148,0.2958913330715957,0.007112582264703,0.274458895681108
542586,Turkey,TUR,2020-08-15,248117,5955,229972.0,1256.0,21.0,992.0,0.0048041851223414,48.15,157,149,0.2973967936925035,0.0071377531827277,0.2756479219039905
542587,Turkey,TUR,2020-08-16,249309,5974,230969.0,1192.0,19.0,997.0,0.004945669831414,48.15,158,150,0.2988255429441931,0.0071605268704644,0.2768429412025933
542588,Turkey,TUR,2020-08-17,250542,5996,231971.0,1233.0,22.0,1002.0,0.0050410709581627,48.15,159,151,0.3003034354167881,0.0071868964036331,0.2780439535769163
542589,Turkey,TUR,2020-08-18,251805,6016,232913.0,1263.0,20.0,942.0,0.005174639105657,48.15,160,152,0.3018172863437042,0.0072108687065138,0.2791730490425971
542590,Turkey,TUR,2020-08-19,253108,6039,233915.0,1303.0,23.0,1002.0,0.0055786462695766,48.15,161,153,0.3033790818763817,0.0072384368548266,0.2803740614169201
542591,Turkey,TUR,2020-08-20,254520,6058,234797.0,1412.0,19.0,882.0,0.0047265440829797,48.15,162,154,0.3050715264597589,0.0072612105425633,0.2814312399739589
542592,Turkey,TUR,2020-08-21,255723,6080,235569.0,1203.0,22.0,772.0,0.0051188199731742,48.15,163,155,0.3065134604780329,0.0072875800757321,0.2823565708651538
542593,Turkey,TUR,2020-08-22,257032,6102,236370.0,1309.0,22.0,801.0,0.0047348190108624,48.15,164,156,0.3080824477015745,0.0073139496089008,0.2833166615955257
542594,Turkey,TUR,2020-08-23,258249,6121,237165.0,1217.0,19.0,795.0,0.0055876305426159,48.15,165,157,0.309541162331865,0.0073367232966375,0.2842695606350335
542595,Turkey,TUR,2020-08-24,259692,6139,237908.0,1443.0,18.0,743.0,0.0057837746253253,48.15,166,158,0.3112707639847073,0.0073582983692301,0.2851601316870514
542596,Turkey,TUR,2020-08-25,261194,6163,238795.0,1502.0,24.0,887.0,0.0050269148602188,48.15,167,159,0.3130710839310477,0.0073870651326869,0.2862233033198104
542597,Turkey,TUR,2020-08-26,262507,6183,239797.0,1313.0,20.0,1002.0,0.0056798485373723,48.15,168,160,0.3146448656151655,0.0074110374355676,0.2874243156941333
542598,Turkey,TUR,2020-08-27,263998,6209,240792.0,1491.0,26.0,995.0,0.0057462556534519,48.15,169,161,0.3164320007949215,0.0074422014293126,0.288616937762448
542599,Turkey,TUR,2020-08-28,265515,6245,241809.0,1517.0,36.0,1017.0,0.0058339453514866,48.15,170,162,0.3182502999684224,0.0074853515744978,0.2898359293639315
542600,Turkey,TUR,2020-08-29,267064,6284,242812.0,1549.0,39.0,1003.0,0.0055492316448491,48.15,171,163,0.3201069548265325,0.0075320975651152,0.2910381403533985
542601,Turkey,TUR,2020-08-30,268546,6326,243839.0,1482.0,42.0,1027.0,0.0059096020793458,48.15,172,164,0.3218833024699922,0.0075824394011646,0.2922691181063223
542602,Turkey,TUR,2020-08-31,270133,6370,244926.0,1587.0,44.0,1087.0,0.0058193556507351,48.15,173,165,0.3237855047035756,0.0076351784675022,0.2935720127678882
542603,Turkey,TUR,2020-09-01,271705,6417,245929.0,1572.0,47.0,1003.0,0.0058740177766327,44.44,174,166,0.3256697277099984,0.0076915133792718,0.2947742237573552
542604,Turkey,TUR,2020-09-02,273301,6462,246876.0,1596.0,45.0,947.0,0.0060080277788958,44.44,175,167,0.3275827174798781,0.0077454510607534,0.2959093122987563
542605,Turkey,TUR,2020-09-03,274943,6511,248087.0,1642.0,49.0,1211.0,0.005863033428747,44.44,176,168,0.3295508435463833,0.0078041832028111,0.2973608352381825
542606,Turkey,TUR,2020-09-04,276555,6564,249108.0,1612.0,53.0,1021.0,0.0060494295890509,47.22,177,169,0.3314830111585676,0.0078677098054449,0.2985846213002421
542607,Turkey,TUR,2020-09-05,278228,6620,250092.0,1673.0,56.0,984.0,0.0056716074586311,47.22,178,170,0.3334882942945379,0.0079348322535109,0.2997640586019724
542608,Turkey,TUR,2020-09-06,279806,6673,251105.0,1578.0,53.0,1013.0,0.0060863598350284,47.22,179,171,0.335379708991825,0.0079983588561447,0.3009782557428798
542609,Turkey,TUR,2020-09-07,281509,6730,252152.0,1703.0,57.0,1047.0,0.00625557264599,47.22,180,172,0.3374209505821164,0.0080666799193547,0.3022332057986843
542610,Turkey,TUR,2020-09-08,283270,6782,253245.0,1761.0,52.0,1093.0,0.0059060260528824,47.22,181,173,0.3395317118507618,0.0081290079068445,0.3035432921511144
542611,Turkey,TUR,2020-09-09,284943,6837,254188.0,1673.0,55.0,943.0,0.0053063244227793,52.78,182,174,0.3415369949867322,0.0081949317397665,0.3046735862319393
542612,Turkey,TUR,2020-09-10,286455,6895,255407.0,1512.0,58.0,1219.0,0.0058333769702048,63.89,183,175,0.3433493010845129,0.0082644514181205,0.3061346980925178
542613,Turkey,TUR,2020-09-11,288126,6951,256524.0,1671.0,56.0,1117.0,0.0052372920180754,63.89,184,176,0.3453521869901952,0.0083315738661864,0.3074735512084048
542614,Turkey,TUR,2020-09-12,289635,6999,257731.0,1509.0,48.0,1207.0,0.0052721528820756,73.61,185,177,0.3471608972425439,0.0083891073931001,0.3089202796872549
542615,Turkey,TUR,2020-09-13,291162,7056,258833.0,1527.0,57.0,1102.0,0.0058936262286974,73.61,186,178,0.3489911825674852,0.0084574284563101,0.3102411535759813
542616,Turkey,TUR,2020-09-14,292878,7119,260058.0,1716.0,63.0,1225.0,0.0059478690785923,73.61,187,179,0.351048006154649,0.0085329412103843,0.3117094571274241
542617,Turkey,TUR,2020-09-15,294620,7186,261260.0,1742.0,67.0,1202.0,0.0060111329848617,73.61,188,180,0.3531359937355578,0.0086132484250346,0.313150192530554
542618,Turkey,TUR,2020-09-16,296391,7249,262602.0,1771.0,63.0,1342.0,0.0055602228137832,73.61,189,181,0.3552587411556436,0.0086887611791088,0.3147587340538488
542619,Turkey,TUR,2020-09-17,298039,7315,263745.0,1648.0,66.0,1143.0,0.0059421753528901,73.61,190,182,0.3572340589130131,0.0087678697786151,0.3161287511634807
542620,Turkey,TUR,2020-09-18,299810,7377,264805.0,1771.0,62.0,1060.0,0.0051299156132216,73.61,191,183,0.3593568063330988,0.0088421839175453,0.3173992832161577
542621,Turkey,TUR,2020-09-19,301348,7445,266117.0,1538.0,68.0,1312.0,0.0050406838605201,73.61,192,184,0.3612002764246245,0.0089236897473397,0.3189718662851314
542622,Turkey,TUR,2020-09-20,302867,7506,267233.0,1519.0,61.0,1116.0,0.0057550013702383,73.61,193,185,0.3630209728284135,0.0089968052711258,0.3203095207858744
542623,Turkey,TUR,2020-09-21,304610,7574,268435.0,1743.0,68.0,1202.0,0.0055546436426907,69.91,194,186,0.3651101590244663,0.0090783111009202,0.3217502561890043
542624,Turkey,TUR,2020-09-22,306302,7639,269696.0,1692.0,65.0,1261.0,0.0057688163968894,69.91,195,187,0.3671382158481733,0.0091562210852824,0.3232617098856323
542625,Turkey,TUR,2020-09-23,308069,7711,270723.0,1767.0,72.0,1027.0,0.0055864108365333,69.91,196,188,0.3692561688076829,0.0092425213756529,0.3244926876385561
542626,Turkey,TUR,2020-09-24,309790,7785,271964.0,1721.0,74.0,1241.0,0.0053746086058297,69.91,197,189,0.371318985470567,0.0093312188963115,0.3259801690323035
542627,Turkey,TUR,2020-09-25,311455,7858,273282.0,1665.0,73.0,1318.0,0.0048514231590437,69.91,198,190,0.3733146796853851,0.0094187178018261,0.3275599437921414
542628,Turkey,TUR,2020-09-26,312966,7929,274514.0,1511.0,71.0,1232.0,0.0046874101340081,69.91,199,191,0.3751257871680218,0.0095038194770526,0.3290366376495924
542629,Turkey,TUR,2020-09-27,314433,7997,275630.0,1467.0,68.0,1116.0,0.0044906228035861,69.91,200,192,0.376884155584321,0.0095853253068469,0.3303742921503353
542630,Turkey,TUR,2020-09-28,315845,8062,277052.0,1412.0,65.0,1422.0,0.0045180389114913,69.91,201,193,0.3785766001676982,0.0096632352912092,0.3320787228851529
542631,Turkey,TUR,2020-09-29,317272,8130,278504.0,1427.0,68.0,1452.0,0.0043842507375375,69.91,202,194,0.380287023978236,0.0097447411210036,0.3338191120742916
542632,Turkey,TUR,2020-09-30,318663,8195,279749.0,1391.0,65.0,1245.0,0.0044153227704502,69.91,203,195,0.3819542976435885,0.0098226511053658,0.335311387928615
542633,Turkey,TUR,2020-10-01,320070,8262,281151.0,1407.0,67.0,1402.0,0.0045052644733964,69.91,204,196,0.3836407491512456,0.0099029583200162,0.3369918463605519
542634,Turkey,TUR,2020-10-02,321512,8325,282657.0,1442.0,63.0,1506.0,0.0046716763293439,69.91,205,197,0.3853691521889439,0.0099784710740904,0.3387969607674684
542635,Turkey,TUR,2020-10-03,323014,8384,283868.0,1502.0,59.0,1211.0,0.0044239568563591,69.91,206,198,0.3871694721352843,0.0100491893675884,0.3402484837068947
542636,Turkey,TUR,2020-10-04,324443,8441,285050.0,1429.0,57.0,1182.0,0.0049407754212604,69.91,207,199,0.3888822931761101,0.0101175104307984,0.3416652468071439
542637,Turkey,TUR,2020-10-05,326046,8498,286370.0,1603.0,57.0,1320.0,0.0046343154033479,69.91,208,200,0.3908036732519981,0.0101858314940084,0.34324741879727
542638,Turkey,TUR,2020-10-06,327557,8553,287599.0,1511.0,55.0,1229.0,0.0048266408594535,71.76,209,201,0.3926147807346348,0.0102517553269303,0.3447205168092889
542639,Turkey,TUR,2020-10-07,329138,8609,288954.0,1581.0,56.0,1355.0,0.0049067564365099,71.76,210,202,0.3945097912773539,0.0103188777749963,0.3463446403294561
542640,Turkey,TUR,2020-10-08,330753,8667,290352.0,1615.0,58.0,1398.0,0.0049251253956881,71.76,211,203,0.3964455547349703,0.0103883974533503,0.3480203043008169
542641,Turkey,TUR,2020-10-09,332382,8722,291754.0,1629.0,55.0,1402.0,0.004961159148209,71.76,212,204,0.3983980988046031,0.0104543212862722,0.3497007627327538
542642,Turkey,TUR,2020-10-10,334031,8778,293145.0,1649.0,56.0,1391.0,0.0044965886399765,71.76,213,205,0.4003746151771166,0.0105214437343382,0.3513680363981064
542643,Turkey,TUR,2020-10-11,335533,8837,294357.0,1502.0,59.0,1212.0,0.0048102571133092,71.76,214,206,0.402174935123457,0.0105921620278362,0.3528207579526766
542644,Turkey,TUR,2020-10-12,337147,8895,295658.0,1614.0,58.0,1301.0,0.0048406184839253,71.76,215,207,0.4041094999659294,0.0106616817061903,0.354380156255066
542645,Turkey,TUR,2020-10-13,338779,8957,296972.0,1632.0,62.0,1314.0,0.0049324190696589,71.76,216,208,0.4060656398809943,0.0107359958451204,0.3559551365543278
542646,Turkey,TUR,2020-10-14,340450,9014,298368.0,1671.0,57.0,1396.0,0.0049728300778382,71.76,217,209,0.4080685257866766,0.0108043169083304,0.3576284032954006
542648,Turkey,TUR,2020-10-16,343955,9153,301098.0,1812.0,73.0,1419.0,0.0050093762265412,69.91,219,211,0.4122696718665188,0.0109709244133513,0.3609006226386158
542649,Turkey,TUR,2020-10-17,345678,9224,302499.0,1723.0,71.0,1401.0,0.0052505510908995,69.91,220,212,0.4143348857596909,0.0110560260885777,0.3625798824554087
542650,Turkey,TUR,2020-10-18,347493,9296,304003.0,1815.0,72.0,1504.0,0.0058303332729003,69.91,221,213,0.4165103722461142,0.0111423263789482,0.3643825996320371
542651,Turkey,TUR,2020-10-19,349519,9371,305427.0,2026.0,75.0,1424.0,0.0054188756548285,69.91,222,214,0.4189387665279289,0.0112322225147509,0.3660894275971428
542652,Turkey,TUR,2020-10-20,351413,9445,306939.0,1894.0,74.0,1512.0,0.0057283025955214,69.91,223,215,0.421208943610731,0.0113209200354094,0.3679017336949235
542653,Turkey,TUR,2020-10-21,353426,9513,308446.0,2013.0,68.0,1507.0,0.0059474967885781,69.91,224,216,0.4236217558956732,0.0114024258652038,0.3697080467169841
542654,Turkey,TUR,2020-10-22,355528,9584,310027.0,2102.0,71.0,1581.0,0.0060895344389189,69.91,225,217,0.4261412449284346,0.0114875275404303,0.3716030572597033
542655,Turkey,TUR,2020-10-23,357693,9658,311520.0,2165.0,74.0,1493.0,0.0058457951371706,69.91,226,218,0.4287362467152701,0.0115762250610889,0.3733925896697473
542656,Turkey,TUR,2020-10-24,359784,9727,313093.0,2091.0,69.0,1573.0,0.0056061414626553,69.91,227,219,0.431242550981447,0.0116589295060273,0.3752780112913142
542657,Turkey,TUR,2020-10-25,361801,9799,314390.0,2017.0,72.0,1297.0,0.0060751628657742,69.91,228,220,0.4336601577269654,0.0117452297963978,0.3768326151331275
542658,Turkey,TUR,2020-10-26,363999,9874,316008.0,2198.0,75.0,1618.0,0.0060686979909285,69.91,229,221,0.4362947138135541,0.0118351259322004,0.3787719744361759
542659,Turkey,TUR,2020-10-27,366208,9950,317519.0,2209.0,76.0,1511.0,0.0062942371548408,69.91,230,222,0.4389424546667271,0.0119262206831471,0.3805830819188126
542660,Turkey,TUR,2020-10-28,368513,10027,319181.0,2305.0,77.0,1662.0,0.0062928580538543,69.91,231,223,0.4417052625737275,0.0120185140492377,0.3825751802881986
542661,Turkey,TUR,2020-10-29,370832,10099,320762.0,2319.0,72.0,1581.0,0.0062615955473097,62.5,232,224,0.4444848510927444,0.0121048143396083,0.3844701908309177
542662,Turkey,TUR,2020-10-30,373154,10177,322465.0,2322.0,78.0,1703.0,0.0059305273425984,62.5,233,225,0.4472680354571934,0.012198306320843,0.3865114324212091
542663,Turkey,TUR,2020-10-31,375367,10252,323971.0,2213.0,75.0,1506.0,0.0056105091816809,62.5,234,226,0.4499205707709426,0.0122882024566456,0.3883165468281257
542664,Turkey,TUR,2020-11-01,377473,10326,325486.0,2106.0,74.0,1515.0,0.0060984494255218,62.5,235,227,0.4524448542642801,0.0123768999773042,0.3901324487713385
542665,Turkey,TUR,2020-11-02,379775,10402,327007.0,2302.0,76.0,1521.0,0.0061694424330196,62.5,236,228,0.4552040663258484,0.0124679947282508,0.3919555424054156
542666,Turkey,TUR,2020-11-03,382118,10481,328824.0,2343.0,79.0,1817.0,0.0062572294422142,62.5,237,229,0.4580124216083222,0.0125626853246296,0.394133426122127
542667,Turkey,TUR,2020-11-04,384509,10558,330665.0,2391.0,77.0,1841.0,0.0060102624385904,62.5,238,230,0.4608783104177096,0.0126549786907203,0.3963400766022952
542668,Turkey,TUR,2020-11-05,386820,10639,332379.0,2311.0,81.0,1714.0,0.0062975027144407,62.5,239,231,0.4636483100155742,0.0127520665173871,0.398394502959171
542669,Turkey,TUR,2020-11-06,389256,10722,334293.0,2436.0,83.0,1914.0,0.0063788355221241,62.5,240,232,0.4665681365064432,0.012851551574342,0.4006886523448538
542670,Turkey,TUR,2020-11-07,391739,10803,336221.0,2483.0,81.0,1928.0,0.006422643647939,62.5,241,233,0.4695442979090818,0.0129486394010088,0.402999582342553
542671,Turkey,TUR,2020-11-08,394255,10887,338239.0,2516.0,84.0,2018.0,0.0065338423101799,62.5,242,234,0.4725600136114736,0.0130493230731077,0.4054183877032155
542672,Turkey,TUR,2020-11-09,396831,10972,340286.0,2576.0,85.0,2047.0,0.006372990013381,62.5,243,235,0.4756476462225074,0.0131512053603507,0.4078719529030549
542673,Turkey,TUR,2020-11-10,399360,11059,342501.0,2529.0,87.0,2215.0,0.0067432892628205,62.5,244,236,0.4786789439217717,0.0132554848778817,0.4105268854470921
542674,Turkey,TUR,2020-11-11,402053,11145,344613.0,2693.0,86.0,2112.0,0.0070662325613786,62.5,245,237,0.4819068145046576,0.0133585657802687,0.4130583606312938
542675,Turkey,TUR,2020-11-12,404894,11233,346794.0,2841.0,88.0,2181.0,0.0075204868434701,62.5,246,238,0.4853120801288607,0.0134640439129438,0.4156725402604339
542676,Turkey,TUR,2020-11-13,407939,11326,348804.0,3045.0,93.0,2010.0,0.007638396917186,62.5,247,239,0.4889618632424469,0.0135755151213391,0.418081756699944
542677,Turkey,TUR,2020-11-14,411055,11418,351102.0,3116.0,92.0,2298.0,0.0078407998929583,62.5,248,240,0.4926967480312596,0.0136857877145903,0.4208361743009361
542678,Turkey,TUR,2020-11-15,414278,11507,353663.0,3223.0,89.0,2561.0,0.0080042869763781,62.5,249,241,0.496559884640484,0.0137924644624094,0.4239058276848095
542679,Turkey,TUR,2020-11-16,417594,11601,356375.0,3316.0,94.0,2712.0,0.0091452463397463,62.5,250,242,0.5005344924581038,0.0139051342859487,0.4271564719554321
542680,Turkey,TUR,2020-11-17,421413,11704,359063.0,3819.0,103.0,2688.0,0.0100020644830605,62.5,251,243,0.505112003693173,0.0140285916457842,0.4303783494625979
542681,Turkey,TUR,2020-11-18,425628,11820,361655.0,4215.0,116.0,2592.0,0.0106712904226224,62.5,252,244,0.5101641665252801,0.0141676310024923,0.4334851599159363
542682,Turkey,TUR,2020-11-19,430170,11943,364573.0,4542.0,123.0,2918.0,0.0118627519352814,62.5,253,245,0.5156082765094865,0.0143150606652086,0.4369827189062301
542683,Turkey,TUR,2020-11-20,435273,12084,367592.0,5103.0,141.0,3019.0,0.0127092652197586,66.2,254,246,0.5217248095894965,0.0144840654005175,0.4406013380260714
542684,Turkey,TUR,2020-11-21,440805,12219,370825.0,5532.0,135.0,3233.0,0.0136500266557775,66.2,255,247,0.5283555485662975,0.0146458784449622,0.4444764607867362
542685,Turkey,TUR,2020-11-22,446822,12358,374637.0,6017.0,139.0,3812.0,0.0150238797552493,66.2,256,248,0.5355676158879554,0.0148124859499831,0.4490455817157972
542686,Turkey,TUR,2020-11-23,453535,12511,377891.0,6713.0,153.0,3254.0,0.0162743779421654,66.2,257,249,0.5436139193498616,0.0149958740670204,0.4529458753944867
542687,Turkey,TUR,2020-11-24,460916,12672,381569.0,7381.0,161.0,3678.0,0.0147836048217029,66.2,258,250,0.552460897727983,0.01518885110521,0.457354381894247
542688,Turkey,TUR,2020-11-25,467730,12840,385480.0,6814.0,168.0,3911.0,0.0769845851238961,66.2,259,251,0.5606282613194368,0.0153902184494079,0.4620421657225674
542689,Turkey,TUR,2020-11-26,503738,13014,388771.0,36008.0,174.0,3291.0,0.0883514843033481,66.2,260,252,0.6037879954258449,0.0155987774844699,0.4659868081615863
542690,Turkey,TUR,2020-11-27,548244,13191,392616.0,44506.0,177.0,3845.0,0.0549080336492511,66.2,261,253,0.6571335610262615,0.0158109323649641,0.4705954833904004
542691,Turkey,TUR,2020-11-28,578347,13373,396227.0,30103.0,182.0,3611.0,0.0506287747667058,66.2,262,254,0.6932154727071436,0.0160290803211785,0.4749236826755104
542692,Turkey,TUR,2020-11-29,607628,13558,400242.0,29281.0,185.0,4015.0,0.0513784749879859,66.2,263,255,0.7283121227396291,0.0162508241228249,0.4797361224788104
542693,Turkey,TUR,2020-11-30,638847,13746,404727.0,31219.0,188.0,4485.0,0.0471317858579596,66.2,264,256,0.7657316889212542,0.0164761637699035,0.4851119113998069
542694,Turkey,TUR,2020-12-01,668957,13936,409320.0,30110.0,190.0,4593.0,0.0477205560297597,66.2,265,257,0.8018219909081445,0.0167039006472701,0.4906171507563591
542695,Turkey,TUR,2020-12-02,700880,14129,414141.0,31923.0,193.0,4821.0,0.0462004908115512,66.2,266,258,0.8400853821511702,0.0169352333700688,0.4963956743657512
542696,Turkey,TUR,2020-12-03,733261,14316,418331.0,32381.0,187.0,4190.0,0.044644403561624,66.2,267,259,0.8788977391301638,0.0171593744020034,0.5014178718192575
542697,Turkey,TUR,2020-12-04,765997,14509,423142.0,32736.0,193.0,4811.0,0.0416398497644245,66.2,268,260,0.9181356044852896,0.0173907071248021,0.5071844092772093
542698,Turkey,TUR,2020-12-05,797893,14705,427242.0,31896.0,196.0,4100.0,0.0381028533901162,66.2,269,261,0.9563666331194264,0.0176256356930329,0.5120987313677523
542699,Turkey,TUR,2020-12-06,828295,14900,431253.0,30402.0,195.0,4011.0,0.0387989786247653,66.2,270,262,0.992806930728375,0.0178593656461197,0.5169063767104762
542700,Turkey,TUR,2020-12-07,860432,15103,436270.0,32137.0,203.0,5017.0,0.0385829443814269,62.5,271,263,1.031326825612224,0.0181026845203588,0.5229198288880993
542701,Turkey,TUR,2020-12-08,893630,15314,441515.0,33198.0,211.0,5245.0,0.035486722692837,62.5,272,264,1.0711184511638945,0.0183555923157502,0.5292065653185622
542702,Turkey,TUR,2020-12-09,925342,15531,447361.0,31712.0,217.0,5846.0,0.8896440451206149,62.5,273,265,1.1091289346115285,0.0186156918020058,0.5362136694505901
542703,Turkey,TUR,2020-12-10,1748567,15751,452593.0,823225.0,220.0,5232.0,0.0183613210131496,62.5,274,266,2.095858886559647,0.0188793871336934,0.5424848238841807
542704,Turkey,TUR,2020-12-11,1780673,15977,458109.0,32106.0,226.0,5516.0,0.0163623528856786,62.5,275,267,2.1343416243740307,0.0191502741562453,0.5490963850186771
542705,Turkey,TUR,2020-12-12,1809809,16199,1581565.0,29136.0,222.0,1123456.0,0.0148739452616271,62.5,276,268,2.169264475210631,0.0194163667182211,1.8956877602755329
542706,Turkey,TUR,2020-12-13,1836728,16417,1603780.0,26919.0,218.0,22215.0,0.0161248698773035,62.5,277,269,2.2015299962729062,0.0196776648196207,1.922314995700268
542707,Turkey,TUR,2020-12-14,1866345,16646,1631944.0,29617.0,229.0,28164.0,0.0172004640085301,62.5,278,270,2.237029380993788,0.0199521476876046,1.9560727926168664
542708,Turkey,TUR,2020-12-15,1898447,16881,1661191.0,32102.0,235.0,29247.0,0.0156538475922687,62.5,279,271,2.275507324347595,0.0202338222464528,1.991128689734455
542709,Turkey,TUR,2020-12-16,1928165,17121,1691113.0,29718.0,240.0,29922.0,0.0142700443167467,62.5,280,272,2.311127769198024,0.0205214898810212,2.026993652074266
542710,Turkey,TUR,2020-12-17,1955680,17364,1721607.0,27515.0,243.0,30494.0,0.0135042542747279,62.5,281,273,2.344107664886144,0.0208127533610217,2.0635442222764664
542711,Turkey,TUR,2020-12-18,1982090,17610,1753552.0,26410.0,246.0,31945.0,0.0111977760848398,62.5,282,274,2.3757630908401053,0.0211076126864543,2.1018339830526607
542712,Turkey,TUR,2020-12-19,2004285,17851,1779068.0,22195.0,241.0,25516.0,0.0101362830136433,62.5,283,275,2.4023663539619595,0.0213964789361667,2.1324178470678548
542713,Turkey,TUR,2020-12-20,2024601,18097,1800286.0,20316.0,246.0,21218.0,0.0094354393779316,62.5,284,276,2.426717419228172,0.0216913382615993,2.1578500631939868
542714,Turkey,TUR,2020-12-21,2043704,18351,1834705.0,19103.0,254.0,34419.0,0.0094221080939314,62.5,285,277,2.4496145643246705,0.0219957865081841,2.1991051978365235
542715,Turkey,TUR,2020-12-22,2062960,18602,1866815.0,19256.0,251.0,32110.0,0.009525148330554,62.5,286,278,2.4726950975382063,0.0222966389093369,2.237592730111484
542716,Turkey,TUR,2020-12-23,2082610,18861,1901307.0,19650.0,259.0,34492.0,0.0086919778547112,62.5,287,279,2.496247885118492,0.0226070802316419,2.278935363659535
542717,Turkey,TUR,2020-12-24,2100712,19115,1935292.0,18102.0,254.0,33985.0,0.0083509781445529,62.5,288,280,2.517945216455811,0.0229115284782268,2.3196702993295606
542718,Turkey,TUR,2020-12-25,2118255,19371,1970803.0,17543.0,256.0,35511.0,0.0071370066398992,62.5,289,281,2.538972521927615,0.0232183739550997,2.3622343217093835
542719,Turkey,TUR,2020-12-26,2133373,19624,1994034.0,15118.0,253.0,23231.0,0.0066584699440743,62.5,290,282,2.557093185675135,0.0235216235865405,2.390079350120458
542720,Turkey,TUR,2020-12-27,2147578,19878,2015230.0,14205.0,254.0,21196.0,0.0070763436764578,62.5,291,283,2.57411951379615,0.0238260718331254,2.415485196713421
542721,Turkey,TUR,2020-12-28,2162775,20135,2037433.0,15197.0,257.0,22203.0,0.0073077412121,62.5,292,284,2.5923348681400484,0.0241341159251424,2.442098048756428
542722,Turkey,TUR,2020-12-29,2178580,20388,2058437.0,15805.0,253.0,21004.0,0.0072028569067925,62.5,293,285,2.6112789804915195,0.0244373655565832,2.4672737612417364
542723,Turkey,TUR,2020-12-30,2194272,20642,2078629.0,15692.0,254.0,20192.0,0.0065534263755815,65.28,294,286,2.630087649331715,0.024741813803168,2.491476198230089
542724,Turkey,TUR,2020-12-31,2208652,20881,2100650.0,14380.0,239.0,22021.0,0.0055250895116116,80.09,295,287,2.647323735102937,0.0250282828225924,2.517870902316881
542725,Turkey,TUR,2021-01-01,2220855,21093,2114760.0,12203.0,212.0,14110.0,0.0050340972283198,80.09,296,288,2.6619504357055943,0.0252823892331278,2.5347833619992133
542726,Turkey,TUR,2021-01-02,2232035,21295,2126432.0,11180.0,202.0,11672.0,0.0044251098213066,80.09,297,289,2.6753509530159043,0.0255245094922228,2.5487735979603885
542727,Turkey,TUR,2021-01-03,2241912,21488,2136534.0,9877.0,193.0,10102.0,0.0061086251378288,80.09,298,290,2.687189674793537,0.0257558422150216,2.560882008145429
542728,Turkey,TUR,2021-01-04,2255607,21685,2146430.0,13695.0,197.0,9896.0,0.0064257647719661,80.09,299,291,2.703604709191094,0.0259919693983964,2.572743503610798
542729,Turkey,TUR,2021-01-05,2270101,21879,2155338.0,14494.0,194.0,8908.0,0.0060922399487952,80.09,300,292,2.7209774370887363,0.0262245007363392,2.5834207673138607
542730,Turkey,TUR,2021-01-06,2283931,22070,2164040.0,13830.0,191.0,8702.0,0.0053289700958567,65.28,301,293,2.737554284530739,0.0264534362288499,2.5938511162972526
542731,Turkey,TUR,2021-01-07,2296102,22264,2172251.0,12171.0,194.0,8211.0,0.0049993423637102,65.28,302,294,2.7521426294487874,0.0266859675667926,2.603692945244923
542732,Turkey,TUR,2021-01-08,2307581,22450,2182145.0,11479.0,186.0,9894.0,0.0041328993435116,65.28,303,295,2.765901532687164,0.0269089099835831,2.615552043480004
542733,Turkey,TUR,2021-01-09,2317118,22631,2190047.0,9537.0,181.0,7902.0,0.0039436921209883,65.28,304,296,2.7773327253158246,0.0271258593246534,2.625023500348168
542734,Turkey,TUR,2021-01-10,2326256,22807,2198150.0,9138.0,176.0,8103.0,0.0043933255841146,65.28,305,297,2.788285670502016,0.0273368155900036,2.6347358788602824
542735,Turkey,TUR,2021-01-11,2336476,22981,2208451.0,10220.0,174.0,10301.0,0.0041982027634779,65.28,306,298,2.800535517274052,0.0275453746250656,2.6470828134589857
542736,Turkey,TUR,2021-01-12,2346285,23152,2218464.0,9809.0,171.0,10013.0,0.0040719690915638,65.28,307,299,2.81229273322189,0.0277503378146956,2.659084546896207
542737,Turkey,TUR,2021-01-13,2355839,23325,2227927.0,9554.0,173.0,9463.0,0.003804164885631,65.28,308,300,2.823744302308,0.0279576982346136,2.670427042004209
542738,Turkey,TUR,2021-01-14,2364801,23495,2236938.0,8962.0,170.0,9011.0,0.0035157292304934,65.28,309,301,2.83448629122884,0.0281614628090996,2.6812277630671075
542739,Turkey,TUR,2021-01-15,2373115,23664,2246047.0,8314.0,169.0,9109.0,0.0031814724528731,73.61,310,302,2.844451577536346,0.0283640287684415,2.692145948414121
542740,Turkey,TUR,2021-01-16,2380665,23832,2254052.0,7550.0,168.0,8005.0,0.0027034463059691,73.61,311,303,2.8535011218738093,0.0285653961126393,2.7017408626421204
542741,Turkey,TUR,2021-01-17,2387101,23997,2262864.0,6436.0,165.0,8812.0,0.0024556983554528,73.61,312,304,2.861215408940818,0.0287631676114051,2.712303059291356
542742,Turkey,TUR,2021-01-18,2392963,24161,2270769.0,5862.0,164.0,7905.0,0.0028491873881877,73.61,313,305,2.8682416909151502,0.0289597404950268,2.721778112004952
542743,Turkey,TUR,2021-01-19,2399781,24328,2277987.0,6818.0,167.0,7218.0,0.0026814946863902,73.61,314,306,2.8764138489671804,0.0291599092240806,2.730429716114596
542744,Turkey,TUR,2021-01-20,2406216,24487,2283919.0,6435.0,159.0,5932.0,0.0026136473201074,73.61,315,307,2.884126937419045,0.0293504890319822,2.7375399011490105
542745,Turkey,TUR,2021-01-21,2412505,24640,2290032.0,6289.0,153.0,6113.0,0.0024733627495072,73.61,316,308,2.8916650280598803,0.0295338771490195,2.7448670355244955
542746,Turkey,TUR,2021-01-22,2418472,24789,2296050.0,5967.0,149.0,6018.0,0.0024213635717096,73.61,317,309,2.898817164624336,0.0297124708054807,2.7520803014612976
542747,Turkey,TUR,2021-01-23,2424328,24933,2301861.0,5856.0,144.0,5811.0,0.0021766856629961,73.61,318,310,2.9058362549078045,0.0298850713862217,2.7590454540632843
542748,Turkey,TUR,2021-01-24,2429605,25073,2307721.0,5277.0,140.0,5860.0,0.0023221881746209,73.61,319,311,2.912161347022877,0.0300528775063866,2.7660693388073287
542749,Turkey,TUR,2021-01-25,2435247,25210,2314403.0,5642.0,137.0,6682.0,0.0029167472539746,64.35,320,312,2.9189239336655217,0.0302170877811194,2.77407848519977
542750,Turkey,TUR,2021-01-26,2442350,25344,2322511.0,7103.0,134.0,8108.0,0.0030663090875591,69.91,321,313,2.9274376970336013,0.0303777022104201,2.7837968567876046
542751,Turkey,TUR,2021-01-27,2449839,25476,2331314.0,7489.0,132.0,8803.0,0.0029712156594781,69.91,322,314,2.9364141258472785,0.0305359194094327,2.794348265900544
542752,Turkey,TUR,2021-01-28,2457118,25605,2340216.0,7279.0,129.0,8902.0,0.0028130517134301,69.91,323,315,2.9451388454807086,0.0306905407630132,2.8050183379127422
542753,Turkey,TUR,2021-01-29,2464030,25736,2348309.0,6912.0,131.0,8093.0,0.0027885212436535,69.91,324,316,2.9534236733562778,0.0308475593468818,2.814718730273417
542754,Turkey,TUR,2021-01-30,2470901,25865,2355409.0,6871.0,129.0,7100.0,0.0026557114186283,73.61,325,317,2.9616593580109414,0.0310021807004623,2.8232288977960645
542755,Turkey,TUR,2021-01-31,2477463,25993,2362415.0,6562.0,128.0,7006.0,0.0031156872978526,73.61,326,318,2.969524670586098,0.0311556034388987,2.8316263954951726
542756,Turkey,TUR,2021-02-01,2485182,26117,2370431.0,7719.0,124.0,8016.0,0.0031365912033807,68.06,327,319,2.9787767808829035,0.031304231716759,2.8412344944897563
542757,Turkey,TUR,2021-02-02,2492977,26237,2379070.0,7795.0,120.0,8639.0,0.0032499297025203,68.06,328,320,2.9881199859306555,0.0314480655340432,2.8515893307190736
542758,Turkey,TUR,2021-02-03,2501079,26354,2387384.0,8102.0,117.0,8314.0,0.0031622351792965,68.06,329,321,2.997831165827626,0.0315883035058953,2.86155461702658
542759,Turkey,TUR,2021-02-04,2508988,26467,2396199.0,7909.0,113.0,8815.0,0.0031490784332168,68.06,330,322,3.007311013001798,0.0317237470171713,2.872120409521248
542760,Turkey,TUR,2021-02-05,2516889,26577,2404416.0,7901.0,110.0,8217.0,0.0031376036050854,68.06,331,323,3.0167812712548177,0.0318555946830151,2.881969430159782
542761,Turkey,TUR,2021-02-06,2524786,26685,2412505.0,7897.0,108.0,8089.0,0.0026418080581878,68.06,332,324,3.0262467350472613,0.0319850451185709,2.8916650280598803
542762,Turkey,TUR,2021-02-07,2531456,26797,2420706.0,6670.0,112.0,8201.0,0.0032009246852404,68.06,333,325,3.0342414980579737,0.0321192900147028,2.9014948708561104
542763,Turkey,TUR,2021-02-08,2539559,26900,2429273.0,8103.0,103.0,8567.0,0.00340059041747,69.44,334,326,3.0439538765700886,0.0322427473745384,2.9117634067950573
542764,Turkey,TUR,2021-02-09,2548195,26998,2437382.0,8636.0,98.0,8109.0,0.0033914202013582,69.44,335,327,3.054305116953974,0.0323602116586538,2.921482976998036
542765,Turkey,TUR,2021-02-10,2556837,27093,2445285.0,8642.0,95.0,7903.0,0.0029685114850888,69.44,336,328,3.0646635490287237,0.0324740800973371,2.930955632481344
542766,Turkey,TUR,2021-02-11,2564427,27187,2453096.0,7590.0,94.0,7811.0,0.0030271869700326,69.44,337,329,3.073761037971948,0.0325867499208764,2.9403180153714
542767,Turkey,TUR,2021-02-12,2572190,27284,2461204.0,7763.0,97.0,8108.0,0.0029958906612652,69.44,338,330,3.0830658873350907,0.0327030155898478,2.950036386959235
542768,Turkey,TUR,2021-02-13,2579896,27377,2468419.0,7706.0,93.0,7215.0,0.0024369199378579,69.44,339,331,3.0923024156350234,0.032814486798243,2.9586843952234467
542769,Turkey,TUR,2021-02-14,2586183,27471,2475329.0,6287.0,94.0,6910.0,0.0030720950528249,69.44,340,332,3.099838109045571,0.0329271566217823,2.966966825868728
542770,Turkey,TUR,2021-02-15,2594128,27562,2482435.0,7945.0,91.0,7106.0,0.0030476522361271,72.22,341,333,3.109361106364928,0.0330362305998895,2.97548418508224
542771,Turkey,TUR,2021-02-16,2602034,27652,2489624.0,7906.0,90.0,7189.0,0.002815105413688,72.22,342,334,3.118837357693668,0.0331441059628526,2.9841010293527064
542772,Turkey,TUR,2021-02-17,2609359,27738,2496833.0,7325.0,86.0,7209.0,0.0027750110276125,72.22,343,335,3.1276172136237235,0.0332471868652396,2.9927418459260537
542773,Turkey,TUR,2021-02-18,2616600,27821,2504050.0,7241.0,83.0,7217.0,0.0028353588626461,72.22,344,336,3.13629638588168,0.0333466719221945,3.0013922514205538
542774,Turkey,TUR,2021-02-19,2624019,27903,2511548.0,7419.0,82.0,7498.0,0.0029942618555733,72.22,345,337,3.145188911635275,0.0334449583640053,3.010379467770527
542775,Turkey,TUR,2021-02-20,2631876,27983,2518758.0,7857.0,80.0,7210.0,0.0024871992449493,72.22,346,338,3.154606430821957,0.0335408475755281,3.019021482959019
542776,Turkey,TUR,2021-02-21,2638422,28060,2523760.0,6546.0,77.0,5002.0,0.0030715329086856,72.22,347,339,3.162452565554809,0.0336331409416188,3.0250169559094813
542777,Turkey,TUR,2021-02-22,2646526,28138,2529450.0,8104.0,78.0,5690.0,0.0034411148804129,72.22,348,340,3.172166142682068,0.0337266329228535,3.03183707607904
542778,Turkey,TUR,2021-02-23,2655633,28213,2534996.0,9107.0,75.0,5546.0,0.00360027157367,72.22,349,341,3.1830819307987936,0.0338165290586562,3.038484595667857
542779,Turkey,TUR,2021-02-24,2665194,28285,2540293.0,9561.0,72.0,5297.0,0.0035914833967058,72.22,350,342,3.1945418901909117,0.0339028293490267,3.04483366008581
542780,Turkey,TUR,2021-02-25,2674766,28358,2546503.0,9572.0,73.0,6210.0,0.0034414225393921,72.22,351,343,3.206015034349613,0.0339903282545412,3.0522770601302667
542781,Turkey,TUR,2021-02-26,2683971,28432,2556785.0,9205.0,74.0,10282.0,0.0034251487814138,72.22,352,344,3.217048286750454,0.0340790257751998,3.064601221041233
542782,Turkey,TUR,2021-02-27,2693164,28503,2565723.0,9193.0,71.0,8938.0,0.0031279194285978,72.22,353,345,3.228067155769567,0.0341641274504263,3.075314443198617
542783,Turkey,TUR,2021-02-28,2701588,28569,2572234.0,8424.0,66.0,6511.0,0.0036611800170862,72.22,354,346,3.238164289742917,0.0342432360499326,3.0831186264014283
542784,Turkey,TUR,2021-03-01,2711479,28638,2578181.0,9891.0,69.0,5947.0,0.0043655141714171,66.67,355,347,3.2500197921325658,0.034325940494871,3.090246790663004
542785,Turkey,TUR,2021-03-02,2723316,28706,2586073.0,11837.0,68.0,7892.0,0.0042301370828798,64.81,356,348,3.2642077995925067,0.0344074463246654,3.099706261379727
542786,Turkey,TUR,2021-03-03,2734836,28771,2593264.0,11520.0,65.0,7191.0,0.0041399191761406,64.81,357,349,3.2780158460517885,0.0344853563090276,3.108325502880482
542787,Turkey,TUR,2021-03-04,2746158,28839,2601137.0,11322.0,68.0,7873.0,0.0041155680044628,64.81,358,350,3.291586566712552,0.034566862138822,3.1177621999094685
542788,Turkey,TUR,2021-03-05,2757460,28901,2608848.0,11302.0,62.0,7711.0,0.0042684209381096,64.81,359,351,3.305133315070434,0.0346411762777522,3.1270047212851217
542789,Turkey,TUR,2021-03-06,2769230,28965,2616139.0,11770.0,64.0,7291.0,0.004039751122153,64.81,360,352,3.319241015315725,0.0347178876469704,3.13574382430028
542790,Turkey,TUR,2021-03-07,2780417,29030,2623924.0,11187.0,65.0,7785.0,0.0047528841896737,64.81,361,353,3.3326499229320428,0.0347957976313327,3.1450750431965915
542791,Turkey,TUR,2021-03-08,2793632,29094,2632030.0,13215.0,64.0,8106.0,0.0049236978957858,64.81,362,354,3.348489622060464,0.0348725090005509,3.1547910175541385
542792,Turkey,TUR,2021-03-09,2807387,29160,2640669.0,13755.0,66.0,8639.0,0.005184892570921,72.22,363,355,3.3649765733666634,0.0349516176000572,3.165145853783456
542793,Turkey,TUR,2021-03-10,2821943,29227,2649862.0,14556.0,67.0,9193.0,0.0049774215850568,72.22,364,356,3.382423615403235,0.0350319248147075,3.1761647228025685
542794,Turkey,TUR,2021-03-11,2835989,29290,2659093.0,14046.0,63.0,9231.0,0.0052683561184476,72.22,365,357,3.3992593637163493,0.0351074375687817,3.1872291391971546
542795,Turkey,TUR,2021-03-12,2850930,29356,2670273.0,14941.0,66.0,11180.0,0.0052902035476143,72.22,366,358,3.4171678725833745,0.035186546168288,3.200629656507465
542796,Turkey,TUR,2021-03-13,2866012,29421,2685560.0,15082.0,65.0,15287.0,0.0046678101836279,72.22,367,359,3.435245386185709,0.0352644561526503,3.2189528862143257
542797,Turkey,TUR,2021-03-14,2879390,29489,2701076.0,13378.0,68.0,15516.0,0.0053841264990153,72.22,368,360,3.451280459582608,0.0353459619824447,3.237550598789171
542798,Turkey,TUR,2021-03-15,2894893,29552,2716969.0,15503.0,63.0,15893.0,0.0057857060692743,72.22,369,361,3.4698625901605804,0.0354214747365189,3.256600189273317
542799,Turkey,TUR,2021-03-16,2911642,29623,2734862.0,16749.0,71.0,17893.0,0.0064953040243271,72.22,370,362,3.4899381952080204,0.0355065764117454,3.2780470100455337
542800,Turkey,TUR,2021-03-17,2930554,29696,2752023.0,18912.0,73.0,17161.0,0.0068413685603472,72.22,371,363,3.5126064048120083,0.0355940753172599,3.2986164445323163
542801,Turkey,TUR,2021-03-18,2950603,29777,2770638.0,20049.0,81.0,18615.0,0.0071273566792957,72.22,372,364,3.5366374398347635,0.0356911631439267,3.320928665438525
542802,Turkey,TUR,2021-03-19,2971633,29864,2788757.0,21030.0,87.0,18119.0,0.0070873489424838,72.22,373,365,3.561844316313817,0.0357954426614578,3.342646373233294
542803,Turkey,TUR,2021-03-20,2992694,29959,2807572.0,21061.0,95.0,18815.0,0.0068259568134931,72.22,374,366,3.587088349862336,0.0359093111001411,3.36519831716831
542804,Turkey,TUR,2021-03-21,3013122,30061,2825187.0,20428.0,102.0,17615.0,0.0073730834662519,72.22,375,367,3.6115736600246806,0.0360315698448326,3.386311922930485
542805,Turkey,TUR,2021-03-22,3035338,30178,2844681.0,22216.0,117.0,19494.0,0.0086257280078858,72.22,376,368,3.63820209406456,0.0361718078166847,3.4096777265483005
542807,Turkey,TUR,2021-03-24,3091282,30462,2881643.0,29762.0,146.0,17761.0,0.0092942022112507,72.22,378,370,3.705257419682448,0.0365122145175906,3.453980939502118
542808,Turkey,TUR,2021-03-25,3120013,30619,2900829.0,28731.0,157.0,19186.0,0.0093207944966895,72.22,379,371,3.7396948313857137,0.0367003970952041,3.476977569655572
542809,Turkey,TUR,2021-03-26,3149094,30772,2921037.0,29081.0,153.0,20208.0,0.0095332181255942,72.22,380,372,3.774551758389392,0.0368837852122414,3.501199184486228
542810,Turkey,TUR,2021-03-27,3179115,30923,2939929.0,30021.0,151.0,18892.0,0.0091402796061168,72.22,381,373,3.810535383628464,0.0370647760989907,3.523843421787336
542811,Turkey,TUR,2021-03-28,3208173,31076,2957093.0,29058.0,153.0,17164.0,0.0101004528122392,72.22,382,374,3.845364742483829,0.037248164216028,3.5444164521195503
542812,Turkey,TUR,2021-03-29,3240577,31230,2975108.0,32404.0,154.0,18015.0,0.0115112216126942,72.22,383,375,3.8842046676111353,0.0374327509482094,3.5660095039393385
542813,Turkey,TUR,2021-03-30,3277880,31385,2995033.0,37303.0,155.0,19925.0,0.0119900667504606,72.22,384,376,3.928916608329069,0.0376185362955348,3.589891910684233
542814,Turkey,TUR,2021-03-31,3317182,31537,3014226.0,39302.0,152.0,19193.0,0.0123014052288961,72.22,385,377,3.976024580719928,0.0378007257974281,3.612896931143695
542815,Turkey,TUR,2021-04-01,3357988,31713,3035043.0,40806.0,176.0,20817.0,0.0125992111943222,72.22,386,378,4.024935270287416,0.0380116820627783,3.637848502597069
542816,Turkey,TUR,2021-04-02,3400296,31892,3059462.0,42308.0,179.0,24419.0,0.0131623835101415,72.22,387,379,4.075646279801243,0.0382262341735605,3.6671174857992574
542817,Turkey,TUR,2021-04-03,3445052,32078,3082676.0,44756.0,186.0,23214.0,0.0121908174390401,72.22,388,380,4.129291499187668,0.038449176590351,3.694942137752883
542818,Turkey,TUR,2021-04-04,3487050,32263,3105350.0,41998.0,185.0,22674.0,0.0122025781104371,72.22,389,381,4.179630938006846,0.0386709203919974,3.72211953752873
542819,Turkey,TUR,2021-04-05,3529601,32456,3130977.0,42551.0,193.0,25627.0,0.0140480467905579,72.22,390,382,4.230633211000674,0.0389022531147962,3.752836447824912
542820,Turkey,TUR,2021-04-06,3579185,32667,3159475.0,49584.0,211.0,28498.0,0.0152939845244097,72.22,391,383,4.2900653443025,0.0391551609101875,3.786994582199618
542821,Turkey,TUR,2021-04-07,3633925,32943,3194978.0,54740.0,276.0,35503.0,0.0153940986674188,72.22,392,384,4.35567753728697,0.0394859786899412,3.829549015658289
542822,Turkey,TUR,2021-04-08,3689866,33201,3232892.0,55941.0,258.0,37914.0,0.0151200612705177,72.22,393,385,4.422729267059425,0.0397952213971022,3.874993310229228
542823,Turkey,TUR,2021-04-09,3745657,33454,3268678.0,55791.0,253.0,35786.0,0.0140632204176731,72.22,394,386,4.489601204560275,0.040098471028543,3.91788695177366
542824,Turkey,TUR,2021-04-10,3798333,33702,3301217.0,52676.0,248.0,32539.0,0.0133421687882553,72.22,395,387,4.5527394558874565,0.0403957275842636,3.9568886899454103
542825,Turkey,TUR,2021-04-11,3849011,33939,3331411.0,50678.0,237.0,30194.0,0.014175589521568,72.22,396,388,4.6134828741568565,0.0406797993733999,3.9930796756044
542826,Turkey,TUR,2021-04-12,3903573,34182,3372629.0,54562.0,243.0,41218.0,0.0151622628806993,72.22,397,389,4.678881713645688,0.0409710628534004,4.04248419461123
542827,Turkey,TUR,2021-04-13,3962760,34455,3424733.0,59187.0,273.0,52104.0,0.0158467835548961,83.33,398,390,4.749824148175681,0.0412982847877219,4.104936838076024
542828,Turkey,TUR,2021-04-14,4025557,34734,3480146.0,62797.0,279.0,55413.0,0.0152525476598641,83.33,399,391,4.825093583375639,0.0416326984129077,4.1713556990524285
542829,Turkey,TUR,2021-04-15,4086957,35031,3535040.0,61400.0,297.0,54894.0,0.0154349556405903,83.33,400,392,4.898688553219381,0.041988687110686,4.23715247876908
542830,Turkey,TUR,2021-04-16,4150039,35320,3591550.0,63082.0,289.0,56510.0,0.0150856413638522,83.33,401,393,4.97429959373539,0.0423350868873121,4.304886220558491
542831,Turkey,TUR,2021-04-17,4212645,35608,3643734.0,62606.0,288.0,52184.0,0.0132463096225767,83.33,402,394,5.049340093442838,0.0426802880487941,4.367434753234807
542832,Turkey,TUR,2021-04-18,4268447,35926,3687590.0,55802.0,318.0,43856.0,0.0129201557381408,83.33,403,395,5.116225215710273,0.0430614476645972,4.420001218991602
542833,Turkey,TUR,2021-04-19,4323596,36267,3736537.0,55149.0,341.0,48947.0,0.014115102336111,83.33,404,396,5.182327642288652,0.0434701754287131,4.478669834446677
542834,Turkey,TUR,2021-04-20,4384624,36613,3792129.0,61028.0,346.0,55592.0,0.0141327967916975,83.33,405,397,5.255476727298814,0.0438848962685492,4.545303247533864
542835,Turkey,TUR,2021-04-21,4446591,36975,3844342.0,61967.0,362.0,52213.0,0.0123220237705694,83.33,406,398,5.329751311929223,0.0443187949506898,4.607886540049358
542836,Turkey,TUR,2021-04-22,4501382,37329,3909935.0,54791.0,354.0,65593.0,0.0109828492671806,83.33,407,399,5.395424634286039,0.0447431047116782,4.686507303192038
542837,Turkey,TUR,2021-04-23,4550820,37672,3970111.0,49438.0,343.0,60176.0,0.0089205901354041,83.33,408,400,5.454681769776835,0.0451542297060821,4.758635168099481
542838,Turkey,TUR,2021-04-24,4591416,38011,4022408.0,40596.0,339.0,52297.0,0.0083967560334328,83.33,409,401,5.503340750164075,0.04556056023991,4.821319144287074
542839,Turkey,TUR,2021-04-25,4629969,38358,4073644.0,38553.0,347.0,51236.0,0.0080588012576325,83.33,410,402,5.549550959812052,0.0459764796948901,4.882731389806845
542840,Turkey,TUR,2021-04-26,4667281,38711,4121671.0,37312.0,353.0,48027.0,0.0092775643892022,,411,403,5.594273688066282,0.0463995908407344,4.940297279329409
542841,Turkey,TUR,2021-04-27,4710582,39057,4167263.0,43301.0,346.0,45592.0,0.008585775600552,,412,404,5.646174922418137,0.0468143116805705,4.994944540976247
542842,Turkey,TUR,2021-04-28,4751026,39398,4212461.0,40444.0,341.0,45198.0,0.0079296556154397,,413,405,5.694651713303483,0.0472230394446864,5.049119548256336
542843,Turkey,TUR,2021-04-29,4788700,39737,4255714.0,37674.0,339.0,43253.0,0.0066596362269508,,414,406,5.739808340239854,0.0476293699785142,5.100963249081277
542844,Turkey,TUR,2021-04-30,4820591,40131,4323897.0,31891.0,394.0,68183.0,0.0059778977307969,83.33,415,407,5.778033375798271,0.0481016243452639,5.182688425447007
542845,Turkey,TUR,2021-05-01,4849408,40504,4405199.0,28817.0,373.0,81302.0,0.0053573549596157,83.33,416,408,5.812573868403923,0.0485487077939889,5.280138233887331
542846,Turkey,TUR,2021-05-02,4875388,40844,4480381.0,25980.0,340.0,75182.0,0.0050730321361089,83.33,417,409,5.84371388984595,0.0489562369429608,5.370252517646162
542847,Turkey,TUR,2021-05-03,4900121,41191,4515819.0,24733.0,347.0,35438.0,0.0059176089733294,83.33,418,410,5.873359238203364,0.0493721563979409,5.41272904112047
542848,Turkey,TUR,2021-05-04,4929118,41527,4554037.0,28997.0,336.0,38218.0,0.0053713463544593,83.33,419,411,5.908115481534944,0.0497748910863366,5.458537714695195
542849,Turkey,TUR,2021-05-05,4955594,41883,4589501.0,26476.0,356.0,35464.0,0.0,83.33,420,412,5.939850016088411,0.050201598077613,5.501045402163249
